title_id,vertical,title_primary,imdb_id,tmdb_qid,wikidata_id,wiki_slug_en,wiki_slug_ko,wiki_slug_ja,resolution_tier,resolution_method,match_note,entity_shifted
anime_001,anime,Is It Wrong to Try to Pick Up Girls in a Dungeon?,tt4728568,Q102175392,Q102175392,,,,manual,manual,Is It Wrong to Try to Pick Up Girls in a Dungeon?:instance_of | Sword Oratoria:title_not_exact(0.29) | List of Is It Wrong to Try to Pick Up Girls in a Dungeon? characters:title_not_exact(0.84) | List of Is It Wrong to Try to Pick Up Girls in a Dungeon? episodes:title_not_exact(0.85) | Is It Wrong t,False
anime_002,anime,Myriad Colors Phantom World,tt5321046,Q92298217,Q92298217,,,,manual,manual,Myriad Colors Phantom World:instance_of | Sound! Euphonium:title_not_exact(0.28) | Liz and the Blue Bird:title_not_exact(0.21) | Ayaka Shimizu:title_not_exact(0.15) | Tatsuya Ishihara:title_not_exact(0.28) | Kyoto Animation:title_similarity(0.29) | Amber Lee Connors:title_similarity(0.32) | Azusa Ta,False
anime_003,anime,Grimgar of Fantasy and Ash,tt5341430,Q117449284,Q117449284,,,,manual,manual,Grimgar of Fantasy and Ash:instance_of | (K)now Name:title_not_exact(0.00) | Haruka Terui:title_not_exact(0.21) | Toho:title_not_exact(0.13) | Toho International:title_not_exact(0.27) | Ricco Fajardo:title_similarity(0.41) | (K)now Name:title_similarity(0.00) | List of fantasy anime:title_similarity,False
anime_004,anime,WorldEnd: What are you doing at the end of the world? Are you busy? Will you save us?,tt6819736,Q116274326,Q116274326,,,,manual,manual,WorldEnd:parent_article | Haim (band):title_not_exact(0.07) | We Are the World:title_not_exact(0.32) | Jurassic World Rebirth:title_not_exact(0.24) | Keke Palmer:title_not_exact(0.12) | So You Think You Can Dance: The Next Generation (American TV series):title_similarity(0.26) | Dusk Beyond the End ,False
anime_005,anime,My First Girlfriend Is a Gal,tt6538106,Q128363861,Q128363861,,,,manual,manual,My First Girlfriend Is a Gal:instance_of | Yuki Yagi:title_not_exact(0.27) | Gal Gadot:title_not_exact(0.16) | Minoru Shiraishi:title_not_exact(0.27) | My Sweet Tyrant:title_not_exact(0.37) | Kogal:title_similarity(0.18) | Gal-sen:title_similarity(0.17) | List of harem anime and manga:title_similari,False
anime_006,anime,Charlotte,tt4574736,Q18692527,Q18692527,Charlotte_(TV_series),샤를로트_(애니메이션),Charlotte_(アニメ),wikidata_sitelink,auto,sitelink,False
anime_007,anime,Ajin,tt5537534,Q104891471,Q104891471,,,,manual,manual,Ajin: Demi-Human:title_not_exact(0.40) | List of Ajin: Demi-Human episodes:title_not_exact(0.22) | Enigma Black Stage:title_not_exact(0.09) | Lahmacun:title_not_exact(0.33) | List of animated feature films of 2016:title_not_exact(0.10) | Ajin: Demi-Human:title_similarity(0.40) | Vaazha II: Biopic of,False
anime_008,anime,Berserk,tt5847454,Q23419123,Q23419123,Berserk_(2016_TV_series),,,wikidata_sitelink,auto,sitelink,False
anime_009,anime,The Disastrous Life of Saiki K.,tt6354518,Q55229501,Q30606456,The_Disastrous_Life_of_Saiki_K._(film),,,search_title_year,auto,accepted,True
anime_010,anime,Girls' Last Tour,tt7474942,Q78192210,Q78192210,,,,manual,manual,Girls' Last Tour:instance_of | Last Girl on Earth:title_not_exact(0.35) | Spice Girls:title_not_exact(0.37) | Wonder Girls:title_not_exact(0.36) | The Return of the Spice Girls Tour:title_not_exact(0.40) | Tsukumizu:title_similarity(0.16) | Last Girl on Earth:title_similarity(0.35) | Shimeji Simulat,False
anime_011,anime,Gate,tt4958580,Q125699299,Q125699299,,,,manual,manual,Steins;Gate:title_not_exact(0.53) | Graduate Aptitude Test in Engineering:title_not_exact(0.20) | Gate (novel series):instance_of | Hyde Park Gate:title_not_exact(0.44) | The Gate (Swans album):title_not_exact(0.67) | Gate:instance_of | Gate (disambiguation):disambiguation | Heaven's Gate:disambigua,False
anime_012,anime,Overlord,tt4869896,Q50308776,Q50308776,,,,manual,manual,Overlord (novel series):instance_of | Overlord: Fellowship of Evil:title_not_exact(0.44) | Overlord (video game series):instance_of | Overlord season 1:title_not_exact(0.64) | Overlord (2007 video game):instance_of | Overlord:instance_of | Overlord (disambiguation):disambiguation | Operation Overlor,False
anime_013,anime,Miss Kobayashi's Dragon Maid,tt6185782,Q107448055,Q107448055,,,,manual,manual,Miss Kobayashi's Dragon Maid:instance_of | List of Miss Kobayashi's Dragon Maid episodes:title_not_exact(0.77) | Kyoto Animation:title_not_exact(0.33) | Sound! Euphonium:title_not_exact(0.27) | List of Miss Kobayashi's Dragon Maid chapters:title_not_exact(0.77) | Miss Kobayashi's Dragon Maid: A Lone,False
anime_014,anime,Saga of Tanya the Evil,tt6455986,Q111017057,Q111017057,,,幼女戦記_(アニメ),manual,manual,The Saga of Tanya the Evil:title_not_exact(0.92) | Saga of Tanya the Evil: The Movie:title_not_exact(0.80) | List of Saga of Tanya the Evil episodes:title_not_exact(0.72) | List of The Saga of Tanya the Evil volumes:title_not_exact(0.69) | Carlo Zen (author):title_not_exact(0.13) | The Saga of Tanya,False
anime_015,anime,Black Clover,tt7441658,Q70331950,Q70331950,Black_Clover_(TV_series),,,wikidata_sitelink,auto,sitelink,False
anime_016,anime,Killing Bites,tt7879138,Q93338270,Q93338270,,,,manual,manual,Killing Bites:instance_of | Wataru Katoh:title_not_exact(0.08) | Killing of Jeffrey Doucet:title_not_exact(0.47) | List of television programs based on comics:title_not_exact(0.21) | The Killing of a Sacred Deer:title_not_exact(0.44) | Wataru Katoh:title_similarity(0.08) | Sora Amamiya:title_similar,False
anime_017,anime,Devils' Line,tt8314920,Q62061830,Q62061830,,,,manual,manual,Devils' Line:instance_of | The Devils (film):title_not_exact(0.55) | Aden Durde:title_not_exact(0.36) | Devils Hole:title_not_exact(0.78) | List of television programs based on comics:title_not_exact(0.25) | Bryson Baugus:title_similarity(0.16) | Platinum Vision:title_similarity(0.22) | New Jersey D,False
anime_018,anime,WATATEN!: an Angel Flew Down to Me,tt9622614,Q61627761,Q61627761,,,,manual,manual,"Wataten!:parent_article | Though I Am an Inept Villainess:title_not_exact(0.34) | Chiikawa:title_not_exact(0.10) | Gabriel DropOut:title_not_exact(0.29) | Sing ""Yesterday"" for Me:title_not_exact(0.33) | Though I Am an Inept Villainess:title_similarity(0.34) | Chiikawa:title_similarity(0.10) | Himout",False
anime_019,anime,Wise Man's Grandchild,tt9828724,Q62014758,Q62014758,,,,manual,manual,Wise Man's Grandchild:instance_of | Gō Zappa:title_not_exact(0.14) | Rina Honnizumi:title_not_exact(0.11) | Yuki Wakai:title_not_exact(0.32) | Shinichi Watanabe:title_not_exact(0.26) | Rina Honnizumi:title_similarity(0.11) | Mallorie Rodak:title_similarity(0.23) | Yuki Wakai:title_similarity(0.32) |,False
anime_020,anime,Fire Force,tt9307686,Q66091988,Q66091988,,,,manual,manual,Fire Force:instance_of | List of Fire Force episodes:title_not_exact(0.54) | Fire Force season 1:title_not_exact(0.69) | List of Fire Force chapters:title_not_exact(0.54) | List of Fire Force characters:title_not_exact(0.51) | List of Fire Force chapters:title_similarity(0.54) | Fire Force (Rhodesia,False
anime_021,anime,Blade of the Immortal,tt10778040,Q85747664,Q85747664,Blade_of_the_Immortal_(2019_TV_series),,,wikidata_sitelink,auto,sitelink,False
anime_022,anime,Cautious Hero: The Hero Is Overpowered but Overly Cautious,tt10974198,,Q60752239,Cautious_Hero:_The_Hero_Is_Overpowered_but_Overly_Cautious,이_용사가_ZZANG센_주제에_너무_신중하다,この勇者が俺TUEEEくせに慎重すぎる,search_title_year,auto,accepted_year_unverified,False
anime_023,anime,Wandering Witch: The Journey of Elaina,tt12457334,Q71574733,Q71574733,,,,manual,manual,Wandering Witch: The Journey of Elaina:instance_of | Kaede Hondo:title_not_exact(0.33) | Reina Ueda:title_not_exact(0.21) | Tomoyo Kurosawa:title_not_exact(0.26) | Jōgi Shiraishi:title_not_exact(0.15) | Kaede Hondo:title_similarity(0.33) | Reina Ueda:title_similarity(0.21) | Tomoyo Kurosawa:title_si,False
anime_024,anime,Cagaster of an Insect Cage,tt9288892,Q86528304,Q86528304,,,,manual,manual,Cagaster of an Insect Cage:instance_of | Akihiko Yamashita:title_not_exact(0.28) | List of television programs based on comics:title_not_exact(0.35) | Toshiyuki Morikawa:title_not_exact(0.23) | Kazuyuki Okitsu:title_not_exact(0.24) | Studio Kai:title_similarity(0.28) | Aleks Le:title_similarity(0.29,False
anime_025,anime,Interspecies Reviewers,tt11595706,Q91331034,Q91331034,,,,manual,manual,Interspecies Reviewers:instance_of | Karin Isobe:title_not_exact(0.30) | Shiori Izawa:title_not_exact(0.29) | Hibiku Yamamura:title_not_exact(0.22) | List of comedy television series:title_not_exact(0.33) | Miyu Tomita:title_similarity(0.18) | List of animated series with LGBTQ characters: 2020–2024,False
anime_026,anime,Laid-Back Camp,tt7742120,Q64029196,Q64029196,,,ゆるキャン△_(アニメ),manual,manual,Laid-Back Camp:instance_of | Laid-Back Camp Movie:title_not_exact(0.82) | Laid-Back Camp (2018 soundtrack):instance_of | Laid-Back Camp season 1:title_not_exact(0.76) | Laid-Back Camp season 2:title_not_exact(0.76) | Laid-Back Camp Movie:title_similarity(0.82) | Laid-Back Camp (TV series):year(2020_,False
anime_027,anime,Rascal Does Not Dream of Bunny Girl Senpai,tt8993398,Q63615353,Q63615353,,,,manual,manual,Rascal Does Not Dream:parent_article | Rascal Does Not Dream of a Dreaming Girl:title_not_exact(0.76) | Hajime Kamoshida:title_not_exact(0.28) | Playboy Bunny:title_not_exact(0.33) | Masahiro Yokotani:title_not_exact(0.27) | Rascal Does Not Dream of a Dreaming Girl:title_similarity(0.76) | Rascal Do,False
anime_028,anime,Fruits Basket,tt9304350,Q90394739,Q90394739,,,,manual,manual,Fruits Basket (2019 TV series):instance_of | Fruits Basket:instance_of | List of Fruits Basket characters:title_not_exact(0.58) | Fruits Basket: Prelude:title_not_exact(0.74) | Fruits Basket Another:title_not_exact(0.76) | List of Fruits Basket characters:title_similarity(0.58) | Fruits Basket: Prel,False
anime_029,anime,Toilet-Bound Hanako-kun,tt10777610,Q117455136,Q117455136,,,,manual,manual,Toilet-Bound Hanako-kun:instance_of | Hanako-san:title_not_exact(0.48) | List of Toilet-Bound Hanako-kun episodes:title_not_exact(0.73) | List of Toilet-Bound Hanako-kun chapters:title_not_exact(0.73) | David Matranga:title_not_exact(0.32) | List of Toilet-Bound Hanako-kun episodes:title_similarity(,False
anime_030,anime,Tower of God,tt12057106,Q131160789,Q131160789,,,,manual,manual,Tower of God:instance_of | List of Tower of God episodes:title_not_exact(0.59) | Tower of God season 2:title_not_exact(0.73) | Tower of God season 1:title_not_exact(0.73) | Tower of Babel:title_not_exact(0.69) | Tower of God season 2:title_similarity(0.73) | Tower of God season 1:title_similarity(0.,False
anime_031,anime,"So I'm a Spider, So What?",tt12598008,Q64497144,Q64497144,,,,manual,manual,"So I'm a Spider, So What?:instance_of | List of So I'm a Spider, So What characters:title_not_exact(0.71) | Your Friendly Neighborhood Spider-Man:title_not_exact(0.39) | Kaya Okuno:title_not_exact(0.17) | Mitsutaka Hirota:title_not_exact(0.24) | List of So I'm a Spider, So What characters:title_simi",False
anime_032,anime,Combatants Will Be Dispatched!,tt13758670,Q104628039,Q104628039,,,,manual,manual,Combatants Will Be Dispatched!:instance_of | Natsume Akatsuki:title_not_exact(0.30) | Sword Oratoria:title_not_exact(0.23) | Dream Eater Merry:title_not_exact(0.26) | Children of the Whales:title_not_exact(0.12) | Natsume Akatsuki:title_similarity(0.30) | Sayaka Kikuchi:title_similarity(0.18) | Sayu,False
anime_033,anime,RESIDENT EVIL: Infinite Darkness,tt13173144,Q99672716,Q99672716,Resident_Evil:_Infinite_Darkness,레지던트_이블:_무한의_어둠,バイオハザード:_インフィニット_ダークネス,wikidata_sitelink,auto,sitelink,False
anime_034,anime,Battle Game in 5 Seconds,tt13444580,Q101493669,Q101493669,,,,manual,manual,Battle Game in 5 Seconds:instance_of | Touko Machida:title_not_exact(0.16) | Blockbuster (party game):title_not_exact(0.23) | 2021–22 NFL playoffs:title_not_exact(0.23) | SynergySP:title_not_exact(0.18) | Touko Machida:title_similarity(0.16) | Akari Kitō:title_similarity(0.24) | Miyuri Shimabukuro:t,False
anime_035,anime,Full Dive: This Ultimate Next-Gen Full Dive RPG Is Even Shittier Than Real Life!,tt13593022,Q105163482,Q105163482,,,,manual,manual,Full Dive:parent_article | Lisa Ortiz:title_not_exact(0.04) | Michele Knotz:title_not_exact(0.11) | Mayu Maeshima:title_not_exact(0.19) | Johnny Yong Bosch:title_not_exact(0.16) | Lisa Ortiz:title_similarity(0.04) | Mayu Maeshima:title_similarity(0.19) | Johnny Yong Bosch:title_similarity(0.16) | Mi,False
anime_036,anime,SHAMAN KING,tt12502782,Q100868588,Q100868588,Shaman_King_(2021_TV_series),,,wikidata_sitelink,auto,sitelink,False
anime_037,anime,"The Fruit of Evolution: Before I Knew It, My Life Had It Made",tt15026576,,,,,,manual,manual,The Fruit of Evolution:parent_article | Tupac Shakur:title_not_exact(0.14) | Objections to evolution:title_not_exact(0.26) | Jenifer Lewis:title_not_exact(0.19) | List of 2026 albums:title_not_exact(0.23) | List of isekai works:title_similarity(0.27) | Jun Kasama:title_similarity(0.20) | 2023 in ani,False
anime_038,anime,Vermeil in Gold,tt18561422,Q112225220,Q112225220,,,,manual,manual,Vermeil in Gold:instance_of | Gold plating:title_not_exact(0.30) | Oak & Luna:title_not_exact(0.17) | Wakana Kuramochi:title_not_exact(0.19) | San Jose State Spartans football:title_not_exact(0.17) | Silver-gilt:title_similarity(0.38) | Wakana Kuramochi:title_similarity(0.19) | Miyuri Shimabukuro:ti,False
anime_039,anime,Tengoku Daimakyo,tt22817632,Q117344872,Q117344872,Heavenly_Delusion_(TV_series),,,wikidata_sitelink,auto,sitelink,False
anime_040,anime,Zom 100: Bucket List of the Dead,tt25811262,Q118289307,Q118289307,,,,manual,manual,Zom 100: Bucket List of the Dead:instance_of | List of apocalyptic films:title_not_exact(0.32) | Kazuki Kitamura:title_not_exact(0.09) | Wakana Okuma:title_not_exact(0.18) | Bug Films:title_not_exact(0.20) | Haro Aso:title_similarity(0.10) | Abby Trott:title_similarity(0.14) | Shūichirō Umeda:title_,False
anime_041,anime,EDENS ZERO,tt13167196,Q99642395,Q99642395,,,,manual,manual,Edens Zero:instance_of | List of Edens Zero episodes:title_not_exact(0.54) | Wes Edens:title_not_exact(0.53) | Edens Zero season 1:title_not_exact(0.69) | Edens Zero season 2:title_not_exact(0.69) | Edens Zero season 2:title_similarity(0.69) | Edens Zero season 1:title_similarity(0.69) | List of Ede,False
anime_042,anime,Trapped in a Dating Sim: The World of Otome Games Is Tough for Mobs,tt16255458,Q110897361,Q110897361,,,,manual,manual,Trapped in a Dating Sim: The World of Otome Games Is Tough for Mobs:instance_of | Linda Young:title_not_exact(0.21) | I'm the Evil Lord of an Intergalactic Empire!:title_not_exact(0.38) | Natsuko Abe:title_not_exact(0.21) | ENGI:title_not_exact(0.11) | ENGI:title_similarity(0.11) | Linda Young:title,False
anime_043,anime,The Angel Next Door Spoils Me Rotten,tt19064770,Q110419753,Q110419753,,,,manual,manual,The Angel Next Door Spoils Me Rotten:instance_of | Taito Ban:title_not_exact(0.18) | Toho International:title_not_exact(0.30) | Haruka Shiraishi:title_not_exact(0.27) | Toho:title_not_exact(0.15) | Taito Ban:title_similarity(0.18) | Kono Light Novel ga Sugoi!:title_similarity(0.29) | Manaka Iwami:ti,False
anime_044,anime,Shangri-La Frontier,tt28776190,Q113110865,Q113110865,,,,manual,manual,Shangri-La Frontier:instance_of | List of Shangri-La Frontier episodes:title_not_exact(0.69) | List of Shangri-La Frontier chapters:title_not_exact(0.69) | VRMMORPG:title_not_exact(0.22) | Yumiri Hanamori:title_not_exact(0.29) | List of Shangri-La Frontier chapters:title_similarity(0.69) | List of S,False
anime_045,anime,"The 100 Girlfriends Who Really, Really, Really, Really, REALLY Love You",tt28919914,Q117088299,Q117088299,"The_100_Girlfriends_Who_Really,_Really,_Really,_Really,_Really_Love_You_(TV_series)",,,wikidata_sitelink,auto,sitelink,False
anime_046,anime,The Wrong Way to Use Healing Magic,tt15237152,Q118442046,Q118442046,,,,manual,manual,The Wrong Way to Use Healing Magic:instance_of | Shogo Sakata:title_not_exact(0.35) | Shin-Ei Animation:title_not_exact(0.31) | Redo of Healer:title_not_exact(0.33) | Psychedelic mushroom store:title_not_exact(0.23) | Shogo Sakata:title_similarity(0.35) | Hitomi Ueda:title_similarity(0.31) | Ayaka N,False
anime_047,anime,The Unwanted Undead Adventurer,tt30177477,Q118444414,Q118444414,,,,manual,manual,The Unwanted Undead Adventurer:instance_of | The Exiled Heavy Knight Knows How to Game the System:title_not_exact(0.32) | Alex Hom:title_not_exact(0.16) | Clevatess:title_not_exact(0.21) | List of Spice and Wolf: Merchant Meets the Wise Wolf episodes:title_not_exact(0.20) | The Exiled Heavy Knight K,False
anime_048,anime,Hokkaido Gals Are Super Adorable!,tt23029874,Q115734786,Q115734786,,,,manual,manual,Hokkaido Gals Are Super Adorable!:instance_of | Yumiri Hanamori:title_not_exact(0.25) | Jill Harris:title_not_exact(0.27) | Mikaela Krantz:title_not_exact(0.26) | Brittany Lauda:title_not_exact(0.09) | Mikaela Krantz:title_similarity(0.26) | Jill Harris:title_similarity(0.27) | List of harem anime a,False
anime_049,anime,Re:Monster,tt31514720,Q122705531,Q122705531,,,,manual,manual,Re:Monster:instance_of | Monster Mash:title_not_exact(0.64) | Monster: The Ed Gein Story:title_not_exact(0.39) | Monster Hunter Wilds:title_not_exact(0.47) | RE Engine:title_not_exact(0.32) | Monster Mash:title_similarity(0.64) | RE Engine:title_similarity(0.32) | Mai Kanno:title_similarity(0.21) | ,False
anime_050,anime,"The Ossan Newbie Adventurer, Trained to Death by the Most Powerful Party, Became Invincible",tt31596104,Q117354421,Q117354421,The_Ossan_Newbie_Adventurer_(TV_series),,,wikidata_sitelink,auto,sitelink,False
anime_051,anime,Witch Hat Atelier,tt32550889,Q113033067,Q113033067,,,とんがり帽子のアトリエ_(アニメ),manual,manual,Witch Hat Atelier:instance_of | List of Witch Hat Atelier characters:title_not_exact(0.64) | List of Witch Hat Atelier chapters:title_not_exact(0.67) | Witch Hat Atelier Kitchen:title_not_exact(0.81) | List of Witch Hat Atelier episodes:title_not_exact(0.67) | Witch Hat Atelier Kitchen:title_similar,False
anime_052,anime,Chillin' in Another World with Level 2 Super Cheat Powers,tt29521186,Q123051796,Q123051796,,,,manual,manual,Chillin' in Another World with Level 2 Super Cheat Powers:instance_of | Children of the Whales:title_not_exact(0.41) | 2024 in anime:title_not_exact(0.23) | Yuuki Hirose:title_not_exact(0.17) | Aya Yamane:title_not_exact(0.12) | Yuuki Hirose:title_similarity(0.17) | Yuka Iguchi:title_similarity(0.09,False
anime_053,anime,Terminator Zero,tt14153236,Q125996495,Q125996495,Terminator_Zero,,ターミネーター0,wikidata_sitelink,auto,sitelink,False
anime_054,anime,Sentenced to Be a Hero,tt32536168,Q120690571,Q120690571,,,,manual,manual,Sentenced to Be a Hero:instance_of | 100 Nights of Hero:title_not_exact(0.40) | 2026 Iran war:title_not_exact(0.11) | The Devil (2025 film):title_not_exact(0.19) | Shizuka Ishigami:title_not_exact(0.21) | Mayu Iizuka:title_similarity(0.12) | Yōhei Azakami:title_similarity(0.11) | Studio Kai:title_si,False
anime_055,anime,Takopi's Original Sin,tt36988358,Q131414367,Q131414367,,,,manual,manual,Takopi's Original Sin:instance_of | Taizan 5:title_not_exact(0.34) | Reina Ueda:title_not_exact(0.32) | 10th Crunchyroll Anime Awards:title_not_exact(0.28) | 2025 in anime:title_not_exact(0.29) | Taizan 5:title_similarity(0.34) | 10th Crunchyroll Anime Awards:title_similarity(0.28) | Reina Ueda:titl,False
anime_056,anime,Chained Soldier,tt16156736,Q109646937,Q109646937,,,,manual,manual,Chained Soldier:instance_of | List of serial drama television series:title_not_exact(0.19) | Takahiro (writer):title_not_exact(0.26) | Seven Arcs:title_not_exact(0.24) | Chain gang:title_not_exact(0.48) | Takahiro (writer):title_similarity(0.26) | Natalie Rial:title_similarity(0.37) | Anna Yamaki:ti,False
anime_057,anime,I Was Reincarnated as the 7th Prince so I Can Take My Time Perfecting My Magical Ability,tt31624309,Q115059158,Q115059158,,,,manual,manual,I Was Reincarnated as the 7th Prince so I Can Take My Time Perfecting My Magical Ability:instance_of | 2024 in anime:title_not_exact(0.16) | 2025 in anime:title_not_exact(0.16) | Shōsetsuka ni Narō:title_not_exact(0.09) | Stereo Dive Foundation:title_not_exact(0.24) | Shōsetsuka ni Narō:title_simila,False
anime_058,anime,Lazarus,tt28454008,Q121095142,Q121095142,Lazarus_(Japanese_TV_series),LAZARUS_라자로,LAZARUS_ラザロ,wikidata_sitelink,auto,sitelink,False
anime_059,anime,Dragon Ball DAIMA,tt29485149,Q123022503,Q123022503,Dragon_Ball_Daima,드래곤볼_DAIMA,ドラゴンボールDAIMA,wikidata_sitelink,auto,sitelink,False
anime_060,anime,From Old Country Bumpkin to Master Swordsman,tt35346717,Q128229869,Q128229869,,,,manual,manual,From Old Country Bumpkin to Master Swordsman:instance_of | The Ghost in the Shell (2026 TV series):title_not_exact(0.27) | Passione (company):title_not_exact(0.23) | IMAnimation:title_not_exact(0.15) | Hitomi Ueda:title_not_exact(0.25) | Passione (company):title_similarity(0.23) | 2026 in anime:titl,False
kdrama_001,kdrama,"Kill Me, Heal Me",tt4339192,Q18512154,Q18512154,"Kill_Me,_Heal_Me",킬미힐미,キルミーヒールミー,wikidata_sitelink,auto,sitelink,False
kdrama_002,kdrama,"Bring It On, Ghost",tt5768840,Q12604983,Q12604983,"Bring_It_On,_Ghost",싸우자_귀신아_(드라마),,wikidata_sitelink,auto,sitelink,False
kdrama_003,kdrama,The Liar and His Lover,tt6422226,Q28432857,Q28432857,The_Liar_and_His_Lover_(TV_series),그녀는_거짓말을_너무_사랑해_(드라마),,wikidata_sitelink,auto,sitelink,False
kdrama_004,kdrama,My Only Love Song,tt6125832,Q28127336,Q28127336,My_Only_Love_Song,마이_온리_러브송,,wikidata_sitelink,auto,sitelink,False
kdrama_005,kdrama,A Korean Odyssey,tt7099334,Q41948223,Q41948223,A_Korean_Odyssey,화유기,花遊記,wikidata_sitelink,auto,sitelink,False
kdrama_006,kdrama,Signal,tt5332206,Q19854621,Q19854621,Signal_(South_Korean_TV_series),시그널_(드라마),シグナル_(テレビドラマ),wikidata_sitelink,auto,sitelink,False
kdrama_007,kdrama,Hwarang: The Poet Warrior Youth,tt5646594,Q21997754,Q21997754,Hwarang:_The_Poet_Warrior_Youth,화랑_(드라마),花郎_(テレビドラマ),wikidata_sitelink,auto,sitelink,False
kdrama_008,kdrama,"Hello, My Twenties!",tt5858892,Q25267571,Q25267571,"Hello,_My_Twenties!",청춘시대_(드라마),,wikidata_sitelink,auto,sitelink,False
kdrama_009,kdrama,Weightlifting Fairy Kim Bok-joo,tt6157148,Q27267642,Q27267642,Weightlifting_Fairy_Kim_Bok-joo,역도요정_김복주,恋のゴールドメダル〜僕が恋したキム・ボクジュ,wikidata_sitelink,auto,sitelink,False
kdrama_010,kdrama,Suspicious Partner,tt6720154,Q29032346,Q29032346,Suspicious_Partner,수상한_파트너,あやしいパートナー〜Destiny_Lovers〜,wikidata_sitelink,auto,sitelink,False
kdrama_011,kdrama,The Legend of the Blue Sea,tt5766194,Q24698311,Q24698311,The_Legend_of_the_Blue_Sea,푸른_바다의_전설,青い海の伝説,wikidata_sitelink,auto,sitelink,False
kdrama_012,kdrama,Dr. Romantic,tt6157190,Q27067918,Q27067918,Dr._Romantic,낭만닥터_김사부,浪漫ドクター_キム・サブ,wikidata_sitelink,auto,sitelink,False
kdrama_013,kdrama,Strong Girl Bong-soon,tt6263222,Q27670382,Q27670382,Strong_Girl_Bong-soon,힘쎈여자_도봉순,力の強い女_ト・ボンスン,wikidata_sitelink,auto,sitelink,False
kdrama_014,kdrama,Stranger,tt6461346,Q28972794,Q28972794,Stranger_(TV_series),비밀의_숲,秘密の森〜深い闇の向こうに〜,wikidata_sitelink,auto,sitelink,False
kdrama_015,kdrama,While You Were Sleeping,tt6256484,Q14518812,Q14518812,While_You_Were_Sleeping_(2017_TV_series),당신이_잠든_사이에_(2017년_드라마),あなたが眠っている間に,wikidata_sitelink,auto,sitelink,False
kdrama_016,kdrama,"My Secret, Terrius",tt8591092,Q55074809,Q55074809,My_Secret_Terrius,내_뒤에_테리우스,私の恋したテリウス〜A_Love_Mission〜,wikidata_sitelink,auto,sitelink,False
kdrama_017,kdrama,Memories of the Alhambra,tt8236556,Q52145597,Q52145597,Memories_of_the_Alhambra,알함브라_궁전의_추억_(드라마),アルハンブラ宮殿の思い出_(テレビドラマ),wikidata_sitelink,auto,sitelink,False
kdrama_018,kdrama,My First First Love,tt8995604,Q60656385,Q60656385,My_First_First_Love,첫사랑은_처음이라서,,wikidata_sitelink,auto,sitelink,False
kdrama_019,kdrama,Start-Up,tt12867810,Q79997521,Q79997521,Start-Up_(South_Korean_TV_series),스타트업_(드라마),スタートアップ:_夢の扉,wikidata_sitelink,auto,sitelink,False
kdrama_020,kdrama,BTS In the SOOP,tt13191804,Q99390144,Q99390144,BTS_In_the_Soop,인더숲_BTS편,,wikidata_sitelink,auto,sitelink,False
kdrama_021,kdrama,Something in the Rain,tt8078816,Q47300881,Q47300881,Something_in_the_Rain,밥_잘_사주는_예쁜_누나,よくおごってくれる綺麗なお姉さん,wikidata_sitelink,auto,sitelink,False
kdrama_022,kdrama,My ID is Gangnam Beauty,tt8585954,Q55038915,Q55038915,Gangnam_Beauty,내_아이디는_강남미인_(드라마),私のIDはカンナム美人,wikidata_sitelink,auto,sitelink,False
kdrama_023,kdrama,Search: WWW,tt10253244,Q63672031,Q63672031,Search:_WWW,검색어를_입력하세요_WWW,恋愛ワードを入力してください〜Search_WWW〜,wikidata_sitelink,auto,sitelink,False
kdrama_024,kdrama,Flower of Evil,tt11691684,Q85982056,Q85982056,Flower_of_Evil_(South_Korean_TV_series),악의_꽃_(2020년_드라마),悪の花_(2020年のテレビドラマ),wikidata_sitelink,auto,sitelink,False
kdrama_025,kdrama,Mr. Queen,tt13400006,Q100605045,Q100605045,Mr._Queen,철인왕후_(드라마),哲仁王后〜俺がクイーン!?,wikidata_sitelink,auto,sitelink,False
kdrama_026,kdrama,Welcome to Waikiki,tt7890304,Q31176615,Q31176615,Welcome_to_Waikiki,으라차차_와이키키,,wikidata_sitelink,auto,sitelink,False
kdrama_027,kdrama,Hospital Playlist,tt11769304,Q83625648,Q83625648,Hospital_Playlist,슬기로운_의사생활,賢い医師生活,wikidata_sitelink,auto,sitelink,False
kdrama_028,kdrama,It's Okay to Not Be Okay,tt12451520,Q79997183,Q79997183,It's_Okay_to_Not_Be_Okay,사이코지만_괜찮아,サイコだけど大丈夫,wikidata_sitelink,auto,sitelink,False
kdrama_029,kdrama,Sweet Home,tt11612120,Q65266317,Q65266317,Sweet_Home_(TV_series),스위트홈_(대한민국의_드라마),Sweet_Home_-俺と世界の絶望-,wikidata_sitelink,auto,sitelink,False
kdrama_030,kdrama,True Beauty,tt13274038,Q65272745,Q65272745,True_Beauty_(South_Korean_TV_series),여신강림_(드라마),女神降臨_(テレビドラマ),wikidata_sitelink,auto,sitelink,False
kdrama_031,kdrama,So Not Worth It,tt13186480,Q104879322,Q104879322,So_Not_Worth_It,내일_지구가_망해버렸으면_좋겠어,,wikidata_sitelink,auto,sitelink,False
kdrama_032,kdrama,Mad for Each Other,tt14596414,Q108916196,Q108916196,Mad_for_Each_Other,이_구역의_미친_X,,wikidata_sitelink,auto,sitelink,False
kdrama_033,kdrama,Once Upon a Small Town,tt21875462,Q113611791,Q113611791,Once_Upon_a_Small_Town,어쩌다_전원일기,田舎街ダイアリーズ,wikidata_sitelink,auto,sitelink,False
kdrama_034,kdrama,Black Knight,tt17013106,Q110638048,Q110638048,Black_Knight_(South_Korean_TV_series),택배기사,,wikidata_sitelink,auto,sitelink,False
kdrama_035,kdrama,Love to Hate You,tt26229508,Q110646204,Q110646204,Love_to_Hate_You_(TV_series),연애대전,,wikidata_sitelink,auto,sitelink,False
kdrama_036,kdrama,Doom at Your Service,tt13669128,Q104846829,Q104846829,Doom_at_Your_Service,어느_날_우리_집_현관으로_멸망이_들어왔다,ある日、私の家の玄関に滅亡が入ってきた,wikidata_sitelink,auto,sitelink,False
kdrama_037,kdrama,Forecasting Love and Weather,tt15140592,Q107343177,Q107343177,Forecasting_Love_and_Weather,기상청_사람들:_사내연애_잔혹사_편,気象庁の人々:_社内恋愛は予測不能?!,wikidata_sitelink,auto,sitelink,False
kdrama_038,kdrama,Reborn Rich,tt18352538,Q110244733,Q110244733,Reborn_Rich,재벌집_막내아들,財閥家の末息子,wikidata_sitelink,auto,sitelink,False
kdrama_039,kdrama,Revenge of Others,tt23032890,Q113877789,Q113877789,Revenge_of_Others,3인칭_복수,,wikidata_sitelink,auto,sitelink,False
kdrama_040,kdrama,The Good Bad Mother,tt27042206,Q116230044,Q116230044,The_Good_Bad_Mother,나쁜_엄마_(드라마),,wikidata_sitelink,auto,sitelink,False
kdrama_041,kdrama,Bloodhounds,tt26315487,Q109767798,Q109767798,Bloodhounds_(TV_series),사냥개들,,wikidata_sitelink,auto,sitelink,False
kdrama_042,kdrama,Happiness,tt14979052,Q106824650,Q106824650,Happiness_(South_Korean_TV_series),해피니스_(드라마),,wikidata_sitelink,auto,sitelink,False
kdrama_043,kdrama,The Glory,tt21344706,Q113197148,Q113197148,The_Glory_(TV_series),더_글로리,ザ・グローリー_〜輝かしき復讐〜,wikidata_sitelink,auto,sitelink,False
kdrama_044,kdrama,Big Mouth,tt21195490,Q109459739,Q109459739,Big_Mouth_(South_Korean_TV_series),빅마우스,ビッグマウス_(2022年のテレビドラマ),wikidata_sitelink,auto,sitelink,False
kdrama_045,kdrama,Vigilante,tt27458539,Q117462848,Q117462848,Vigilante_(TV_series),비질란테_(드라마),,wikidata_sitelink,auto,sitelink,False
kdrama_046,kdrama,The 8 Show,tt30423279,Q124001145,Q124001145,The_8_Show,The_8_Show,,wikidata_sitelink,auto,sitelink,False
kdrama_047,kdrama,Light Shop,tt31014115,Q124616105,Q124616105,Light_Shop,조명가게,,wikidata_sitelink,auto,sitelink,False
kdrama_048,kdrama,Miss Night and Day,tt30368332,Q125865640,Q125865640,Miss_Night_and_Day,낮과_밤이_다른_그녀,Missナイト_&_Missデイ,wikidata_sitelink,auto,sitelink,False
kdrama_049,kdrama,The Atypical Family,tt32166552,Q123495191,Q123495191,The_Atypical_Family,히어로는_아닙니다만,ヒーローではないけれど,wikidata_sitelink,auto,sitelink,False
kdrama_050,kdrama,As You Stood By,tt33550045,Q132130038,Q132130038,As_You_Stood_By,당신이_죽였다,,wikidata_sitelink,auto,sitelink,False
kdrama_051,kdrama,Parasyte: The Grey,tt21874396,Q124480521,Q124480521,Parasyte:_The_Grey,기생수:_더_그레이,寄生獣_-ザ・グレイ-,wikidata_sitelink,auto,sitelink,False
kdrama_052,kdrama,Doctor Slump,tt27135274,Q117219597,Q117219597,Doctor_Slump_(TV_series),닥터_슬럼프_(드라마),ドクタースランプ_(テレビドラマ),wikidata_sitelink,auto,sitelink,False
kdrama_053,kdrama,My Dearest Nemesis,tt33320428,Q127411915,Q127411915,My_Dearest_Nemesis,그놈은_흑염룡_(드라마),,wikidata_sitelink,auto,sitelink,False
kdrama_054,kdrama,Friendly Rivalry,tt35683421,Q127800838,Q127800838,Friendly_Rivalry,선의의_경쟁,善意の競争,wikidata_sitelink,auto,sitelink,False
kdrama_055,kdrama,Boyfriend on Demand,tt35848827,Q132561179,Q132561179,Boyfriend_on_Demand,월간남친,,wikidata_sitelink,auto,sitelink,False
kdrama_056,kdrama,"Genie, Make a Wish",tt32409807,Q126414646,Q126414646,"Genie,_Make_a_Wish",다_이루어질지니,,wikidata_sitelink,auto,sitelink,False
kdrama_057,kdrama,Good Boy,tt32361930,Q130200788,Q130200788,Good_Boy_(TV_series),굿보이_(드라마),,wikidata_sitelink,auto,sitelink,False
kdrama_058,kdrama,Study Group,tt35304338,Q131429579,Q131429579,Study_Group_(TV_series),스터디그룹_(드라마),,wikidata_sitelink,auto,sitelink,False
kdrama_059,kdrama,The Manipulated,tt36188448,Q131302259,Q131302259,The_Manipulated,조각도시,,wikidata_sitelink,auto,sitelink,False
kdrama_060,kdrama,My Royal Nemesis,tt38828946,Q136763742,Q136763742,My_Royal_Nemesis,멋진_신세계_(드라마),素晴らしき新世界_(テレビドラマ),wikidata_sitelink,auto,sitelink,False
animated_film_001,animated_film,Scooby-Doo! Moon Monster Madness,tt4215766,Q18603044,Q18603044,Scooby-Doo!_Moon_Monster_Madness,,,wikidata_sitelink,auto,sitelink,False
animated_film_002,animated_film,Don't Hug Me I'm Scared 4,tt5114582,,Q120705765,Don't_Hug_Me_I'm_Scared_(TV_series),,,search_title_only,auto,accepted_year_unverified,False
animated_film_003,animated_film,Bear Story,tt3829254,Q22074461,Q22074461,Bear_Story,곰_이야기,ベア・ストーリー,wikidata_sitelink,auto,sitelink,False
animated_film_004,animated_film,Digimon Adventure tri. Part 1: Reunion,tt4307880,Q50418220,Q50418220,,,,manual,manual,Digimon Adventure tri.:parent_article | List of Digimon films:title_not_exact(0.31) | Digimon:parent_article | Tai Kamiya:title_not_exact(0.21) | List of Digimon episodes and films:title_not_exact(0.37) | List of Digimon films:title_similarity(0.31) | List of highest-grossing films based on video ga,False
animated_film_005,animated_film,One Piece: Adventure of Nebulandia,tt6609162,Q24868707,Q24868707,,,ONE_PIECE_〜アドベンチャー_オブ_ネブランディア〜,manual,manual,World Government (One Piece):title_not_exact(0.24) | List of One Piece television specials:title_not_exact(0.45) | One Piece (1999 TV series):parent_article | One Piece season 16:title_not_exact(0.49) | Kōnosuke Uda:title_not_exact(0.26) | List of One Piece television specials:title_similarity(0.45),False
animated_film_006,animated_film,Cinderella the Cat,tt5432712,Q42052342,Q42052342,Cinderella_the_Cat,,,wikidata_sitelink,auto,sitelink,False
animated_film_007,animated_film,Ratchet & Clank,tt2865120,Q12127045,Q12127045,Ratchet_&_Clank_(film),갤럭시_히어로즈:_라쳇_앤_클랭크,ラチェット&クランク_THE_MOVIE,wikidata_sitelink,auto,sitelink,False
animated_film_008,animated_film,Kizumonogatari Part 1: Tekketsu,tt3138698,Q22960653,Q22960653,,,,manual,manual,Kizumonogatari:parent_article | List of Monogatari novels:title_not_exact(0.50) | Koyomi Araragi:title_not_exact(0.31) | List of films: J–K:title_not_exact(0.24) | Monogatari (series):title_not_exact(0.49) | List of Monogatari novels:title_similarity(0.50) | Koyomi Araragi:title_similarity(0.31) | M,False
animated_film_009,animated_film,Yu-Gi-Oh!: The Dark Side of Dimensions,tt4273562,Q21005926,Q21005926,Yu-Gi-Oh!_The_Dark_Side_of_Dimensions,극장판_유희왕_더_다크_사이드_오브_디멘션즈,遊☆戯☆王_THE_DARK_SIDE_OF_DIMENSIONS,wikidata_sitelink,auto,sitelink,False
animated_film_010,animated_film,Open Season: Scared Silly,tt4938374,Q22350801,Q22350801,Open_Season:_Scared_Silly,부그와_엘리엇:_늑대_인간의_공포,オープン・シーズン4_おおかみ男とひみつの森,wikidata_sitelink,auto,sitelink,False
animated_film_011,animated_film,Tom and Jerry: Willy Wonka & the Chocolate Factory,tt6803390,Q29512703,Q29512703,Tom_and_Jerry:_Willy_Wonka_and_the_Chocolate_Factory,톰과_제리:_윌리_웡카와_초콜릿_공장,,wikidata_sitelink,auto,sitelink,False
animated_film_012,animated_film,Inside Out,tt2096673,Q6144664,Q6144664,Inside_Out,인사이드_아웃_(2015년_영화),インサイド・ヘッド,wikidata_sitelink,auto,sitelink,False
animated_film_013,animated_film,The Peanuts Movie,tt2452042,Q15982441,Q15982441,The_Peanuts_Movie,스누피:_더_피너츠_무비,I_LOVE_スヌーピー_THE_PEANUTS_MOVIE,wikidata_sitelink,auto,sitelink,False
animated_film_014,animated_film,Riley's First Date?,tt4941804,Q21428001,Q21428001,Riley's_First_Date?,라일리의_첫번째_데이트?,ライリーの初デート?,wikidata_sitelink,auto,sitelink,False
animated_film_015,animated_film,Dou kyu sei – Classmates,tt5526028,Q118978806,Q118978806,,,,manual,manual,Classmates (manga):title_not_exact(0.59) | Asumiko Nakamura:title_not_exact(0.20) | Opera (Japanese magazine):title_not_exact(0.21) | Classmates (manga):title_similarity(0.59) | Dōkyūsei:title_similarity(0.38) | Asumiko Nakamura:title_similarity(0.20) | Opera (Japanese magazine):title_similarity(0.2,False
animated_film_016,animated_film,Olaf's Frozen Adventure,tt5452780,Q30318729,Q30318729,Olaf's_Frozen_Adventure,올라프의_겨울왕국_어드벤처,アナと雪の女王/家族の思い出,wikidata_sitelink,auto,sitelink,False
animated_film_017,animated_film,Bilby,tt8013970,Q60737884,Q60737884,Bilby_(film),,,wikidata_sitelink,auto,sitelink,False
animated_film_018,animated_film,Code Geass: Lelouch of the Re;surrection,tt6344664,Q63528764,Q63528764,Code_Geass_Lelouch_of_the_Re;surrection,코드_기아스_부활의_를르슈,,wikidata_sitelink,auto,sitelink,False
animated_film_019,animated_film,Float,tt33311980,Q75507275,Q75507275,Float_(2019_film),,,wikidata_sitelink,auto,sitelink,False
animated_film_020,animated_film,Spider-Ham: Caught in a Ham,tt9803682,Q100453113,Q100453113,Spider-Ham:_Caught_in_a_Ham,,,wikidata_sitelink,auto,sitelink,False
animated_film_021,animated_film,Away,tt8288450,Q65127310,Q65127310,Away_(2019_film),어웨이_(2019년_영화),,wikidata_sitelink,auto,sitelink,False
animated_film_022,animated_film,Curious George: Royal Monkey,tt10510166,Q93401280,Q93401280,,호기심_많은_조지_4,おさるのジョージ4/王子でござーる!,manual,manual,Curious George (franchise):parent_article | Curious George:parent_article | Curious George 2: Follow That Monkey!:title_not_exact(0.77) | Curious George (film):parent_article | Brian Grazer:title_not_exact(0.35) | Curious George 2: Follow That Monkey!:title_similarity(0.77) | Ed O'Ross:title_similar,False
animated_film_023,animated_film,Flavors of Youth,tt8176578,Q55223476,Q55223476,Flavors_of_Youth,우리의_계절은,詩季織々,wikidata_sitelink,auto,sitelink,False
animated_film_024,animated_film,Auntie Edna,tt8952294,Q60429770,Q60429770,,,ジャック・ジャックとエドナおばたん,manual,manual,The Incredibles (franchise):title_not_exact(0.38) | Edna Mode:title_not_exact(0.40) | List of Pixar shorts:title_not_exact(0.19) | Juanita Jennings:title_not_exact(0.15) | Jessie Robins:title_not_exact(0.33) | The Incredibles (franchise):title_similarity(0.38) | Edna Mode:title_similarity(0.40) | Li,False
animated_film_025,animated_film,Teen Titans Go! vs. Teen Titans,tt10548944,Q65552647,Q65552647,Teen_Titans_Go!_vs._Teen_Titans,,,wikidata_sitelink,auto,sitelink,False
animated_film_026,animated_film,Dragon Quest: Your Story,tt10127562,Q63967614,Q63967614,Dragon_Quest:_Your_Story,드래곤_퀘스트:_유어_스토리,ドラゴンクエスト_ユア・ストーリー,wikidata_sitelink,auto,sitelink,False
animated_film_027,animated_film,LEGO Star Wars Holiday Special,tt12885438,Q102050021,Q102050021,The_Lego_Star_Wars_Holiday_Special,,LEGO_スター・ウォーズ/ホリデー・スペシャル,wikidata_sitelink,auto,sitelink,False
animated_film_028,animated_film,Spies in Disguise,tt5814534,Q31271382,Q31271382,Spies_in_Disguise,스파이_지니어스,スパイ_in_デンジャー,wikidata_sitelink,auto,sitelink,False
animated_film_029,animated_film,Wolfwalkers,tt5198068,Q68681463,Q68681463,Wolfwalkers,울프워커스,ウルフウォーカー,wikidata_sitelink,auto,sitelink,False
animated_film_030,animated_film,The Addams Family,tt1620981,Q54825652,Q54825652,The_Addams_Family_(2019_film),아담스_패밀리_(2019년_영화),アダムス・ファミリー_(2019年の映画),wikidata_sitelink,auto,sitelink,False
animated_film_031,animated_film,Demon Slayer -Kimetsu no Yaiba- The Movie: Mugen Train,tt11032374,Q96376192,Q96376192,Demon_Slayer:_Kimetsu_no_Yaiba_–_The_Movie:_Mugen_Train,극장판_귀멸의_칼날:_무한열차편,劇場版「鬼滅の刃」無限列車編,wikidata_sitelink,auto,sitelink,False
animated_film_032,animated_film,A Whisker Away,tt11958344,Q85881910,Q85881910,A_Whisker_Away,울고_싶은_나는_고양이_가면을_쓴다,泣きたい私は猫をかぶる,wikidata_sitelink,auto,sitelink,False
animated_film_033,animated_film,My Father's Dragon,tt9288748,Q112132109,Q112132109,My_Father's_Dragon_(2022_film),엘머의_모험,エルマーのぼうけん_(2022年の映画),wikidata_sitelink,auto,sitelink,False
animated_film_034,animated_film,Descendants: The Royal Wedding,tt14250912,Q107484397,Q107484397,Descendants:_The_Royal_Wedding,,,wikidata_sitelink,auto,sitelink,False
animated_film_035,animated_film,Night of the Animated Dead,tt14961110,Q109941613,Q109941613,Night_of_the_Animated_Dead,,,wikidata_sitelink,auto,sitelink,False
animated_film_036,animated_film,Drifting Home,tt15494038,Q109602795,Q109602795,Drifting_Home,표류단지,雨を告げる漂流団地,wikidata_sitelink,auto,sitelink,False
animated_film_037,animated_film,Little Nicholas: Happy as Can Be,tt10290244,Q112730403,Q112730403,Little_Nicholas:_Happy_as_Can_Be,,,wikidata_sitelink,auto,sitelink,False
animated_film_038,animated_film,Mavka: The Forest Song,tt6685538,Q28704028,Q28704028,Mavka:_The_Forest_Song,,マフカ_森の歌,wikidata_sitelink,auto,sitelink,False
animated_film_039,animated_film,Miraculous World: Shanghai - The Legend of Ladydragon,tt12816634,Q107493469,Q107493469,,,,manual,manual,List of Miraculous: Tales of Ladybug & Cat Noir episodes:title_not_exact(0.47) | Miraculous (franchise):parent_article | List of programmes broadcast by Pop and sister children's television channels:title_not_exact(0.17) | Philece Sampler:title_not_exact(0.24) | Xanthe Huynh:title_not_exact(0.25) | ,False
animated_film_040,animated_film,Doraemon the Movie: Nobita's Little Star Wars 2021,tt13740078,Q101863729,Q101863729,Doraemon:_Nobita's_Little_Star_Wars_2021,극장판_도라에몽:_진구의_우주소전쟁_리틀스타워즈_2021,映画ドラえもん_のび太の宇宙小戦争_2021,wikidata_sitelink,auto,sitelink,False
animated_film_041,animated_film,Bubble,tt16360006,Q109965531,Q109965531,Bubble_(2022_film),버블_(2022년_영화),バブル_(2022年の映画),wikidata_sitelink,auto,sitelink,False
animated_film_042,animated_film,Justice League: Warworld,tt27687527,Q122059239,Q122059239,Justice_League:_Warworld,,,wikidata_sitelink,auto,sitelink,False
animated_film_043,animated_film,The Boss Baby: Family Business,tt6932874,Q11640531,Q11640531,The_Boss_Baby:_Family_Business,보스_베이비_2,ボス・ベイビー_ファミリー・ミッション,wikidata_sitelink,auto,sitelink,False
animated_film_044,animated_film,The Bad Guys,tt8115900,Q97288428,Q97288428,The_Bad_Guys_(film),배드_가이즈,バッドガイズ,wikidata_sitelink,auto,sitelink,False
animated_film_045,animated_film,Belle,tt13651628,Q104184744,Q104184744,Belle_(2021_film),용과_주근깨_공주,竜とそばかすの姫,wikidata_sitelink,auto,sitelink,False
animated_film_046,animated_film,Leo,tt5755238,Q123023029,Q119260191,Leo_(2023_American_film),,,wikidata_sitelink,auto,sitelink,True
animated_film_047,animated_film,Babylon 5: The Road Home,tt27712788,Q118462542,Q118462542,Babylon_5:_The_Road_Home,,,wikidata_sitelink,auto,sitelink,False
animated_film_048,animated_film,Stopmotion,tt14852624,Q123697738,Q123697738,Stopmotion_(film),,,wikidata_sitelink,auto,sitelink,False
animated_film_049,animated_film,The Most Precious of Cargoes,tt10462154,Q124367117,Q124367117,The_Most_Precious_of_Cargoes_(film),,,wikidata_sitelink,auto,sitelink,False
animated_film_050,animated_film,Monsters 103 Mercies Dragon Damnation,tt30475122,Q124040202,Q124040202,Monsters_(manga),,,wikidata_sitelink,auto,sitelink,False
animated_film_051,animated_film,Aztec Batman: Clash of Empires,tt21110654,Q130267916,Q130267916,Aztec_Batman:_Clash_of_Empires,,,wikidata_sitelink,auto,sitelink,False
animated_film_052,animated_film,South Park: The End of Obesity,tt32375562,Q126041429,Q126041429,South_Park:_The_End_of_Obesity,,,wikidata_sitelink,auto,sitelink,False
animated_film_053,animated_film,Watchmen: Chapter II,tt32627545,Q134460009,Q134460009,,,,manual,manual,Watchmen (2024 film):parent_article | Watchmen:parent_article | Watchmen (2009 film):parent_article | Watchmen (TV series):parent_article | List of films based on English-language comics:title_not_exact(0.21) | DC Universe Animated Original Movies:title_similarity(0.25),False
animated_film_054,animated_film,JUJUTSU KAISEN: Hidden Inventory / Premature Death - The Movie,tt36956670,,,,,,manual,manual,Jujutsu Kaisen (TV series):parent_article | Jujutsu Kaisen season 2:title_not_exact(0.43) | List of Jujutsu Kaisen characters:title_not_exact(0.45) | List of Jujutsu Kaisen chapters:title_not_exact(0.42) | Suguru Geto:title_not_exact(0.23) | Jujutsu Kaisen season 2:title_similarity(0.43) | List of J,False
animated_film_055,animated_film,The Simpsons: O C'mon All Ye Faithful,tt34791030,Q131314909,Q131314909,O_C'mon_All_Ye_Faithful,,,wikidata_sitelink,auto,sitelink,False
animated_film_056,animated_film,The Lord of the Rings: The War of the Rohirrim,tt14824600,Q107210110,Q107210110,The_Lord_of_the_Rings:_The_War_of_the_Rohirrim,반지의_제왕:_로히림의_전쟁,ロード・オブ・ザ・リング/ローハンの戦い,wikidata_sitelink,auto,sitelink,False
animated_film_057,animated_film,The Day the Earth Blew Up: A Looney Tunes Movie,tt15352542,Q123234434,Q123234434,The_Day_the_Earth_Blew_Up,,ルーニー・テューンズ_ザ・ムービー:地球危機一髪,wikidata_sitelink,auto,sitelink,False
animated_film_058,animated_film,In Your Dreams,tt27604215,Q133261063,Q133261063,In_Your_Dreams_(film),,,wikidata_sitelink,auto,sitelink,False
animated_film_059,animated_film,My Hero Academia: You're Next,tt32176689,Q124388041,Q124388041,My_Hero_Academia:_You're_Next,나의_히어로_아카데미아_더_무비:_유어_넥스트,,wikidata_sitelink,auto,sitelink,False
animated_film_060,animated_film,Minions & Monsters,tt32890033,Q127605787,Q127605787,Minions_&_Monsters,미니언즈_&_몬스터즈,ミニオンズ&モンスターズ,wikidata_sitelink,auto,sitelink,False
anglophone_animation_001,anglophone_animation,Vixen,tt4406248,Q20035735,Q20035735,Vixen_(web_series),빅슨_(애니메이션),,wikidata_sitelink,auto,sitelink,False
anglophone_animation_002,anglophone_animation,LEGO Friends: The Power of Friendship,tt6464612,Q28859221,Q28859221,Lego_Friends:_The_Power_of_Friendship,,,wikidata_sitelink,auto,sitelink,False
anglophone_animation_003,anglophone_animation,My Little Pony: Equestria Girls,tt6800902,Q29837736,Q29837736,My_Little_Pony:_Equestria_Girls_(2017_television_specials),마이_리틀_포니:_이퀘스트리아_걸스_스페셜,エクエストリア・ガールズ:_キャンタロット高校物語,wikidata_sitelink,auto,sitelink,False
anglophone_animation_004,anglophone_animation,Halo: The Fall of Reach,tt4856322,Q28134706,Q28134706,Halo:_The_Fall_of_Reach_(miniseries),,,wikidata_sitelink,auto,sitelink,False
anglophone_animation_005,anglophone_animation,F is for Family,tt4326894,Q19263611,Q19263611,F_Is_for_Family,그때_그_시절_패밀리,FはFamilyのF,wikidata_sitelink,auto,sitelink,False
anglophone_animation_006,anglophone_animation,The Lion Guard,tt3793630,Q19363670,Q19363670,The_Lion_Guard,라이온_수호대,ライオン・ガード,wikidata_sitelink,auto,sitelink,False
anglophone_animation_007,anglophone_animation,Voltron: Legendary Defender,tt5580664,Q24034511,Q24034511,Voltron:_Legendary_Defender,볼트론:_전설_속의_수호자,ヴォルトロン,wikidata_sitelink,auto,sitelink,False
anglophone_animation_008,anglophone_animation,Rapunzel's Tangled Adventure,tt4902964,Q23680095,Q23680095,Rapunzel's_Tangled_Adventure,라푼젤_시리즈,ラプンツェル_ザ・シリーズ,wikidata_sitelink,auto,sitelink,False
anglophone_animation_009,anglophone_animation,Castlevania,tt6517102,Q30610085,Q30610085,Castlevania_(TV_series),캐슬바니아_(애니메이션),悪魔城ドラキュラ_-キャッスルヴァニア-,wikidata_sitelink,auto,sitelink,False
anglophone_animation_010,anglophone_animation,Ben 10,tt6148376,Q27061887,Q27061887,Ben_10_(2016_TV_series),벤_10_(2016년_애니메이션),,wikidata_sitelink,auto,sitelink,False
anglophone_animation_011,anglophone_animation,Big Hero 6 The Series,tt5515212,Q28196461,Q28196461,Big_Hero_6:_The_Series,빅_히어로_시리즈,ベイマックス_ザ・シリーズ,wikidata_sitelink,auto,sitelink,False
anglophone_animation_012,anglophone_animation,DuckTales,tt5531466,Q28739895,Q28739895,DuckTales_(2017_TV_series),도날드_덕_가족의_모험,ダックテイルズ,wikidata_sitelink,auto,sitelink,False
anglophone_animation_013,anglophone_animation,Marvel's Spider-Man,tt6135682,Q28207200,Q28207200,Spider-Man_(2017_TV_series),스파이더맨_(2017년_애니메이션),マーベル_スパイダーマン,wikidata_sitelink,auto,sitelink,False
anglophone_animation_014,anglophone_animation,Big Mouth,tt6524350,Q26812666,Q26812666,Big_Mouth_(American_TV_series),,ビッグマウス_(2017年のテレビアニメ),wikidata_sitelink,auto,sitelink,False
anglophone_animation_015,anglophone_animation,The Hollow,tt6193336,Q54860858,Q54860858,The_Hollow_(TV_series),,ロスト・ティーンエイジャー,wikidata_sitelink,auto,sitelink,False
anglophone_animation_016,anglophone_animation,Undone,tt8101850,Q55636530,Q55636530,Undone_(TV_series),,アンダン_〜時を超える者〜,wikidata_sitelink,auto,sitelink,False
anglophone_animation_017,anglophone_animation,The Midnight Gospel,tt11639414,Q79225057,Q79225057,The_Midnight_Gospel,,ミッドナイト・ゴスペル,wikidata_sitelink,auto,sitelink,False
anglophone_animation_018,anglophone_animation,LEGO Jurassic World: The Secret Exhibit,tt9322614,,Q65073472,Lego_Jurassic_World:_The_Secret_Exhibit,,,search_title_year,auto,accepted,False
anglophone_animation_019,anglophone_animation,Onyx Equinox,tt12605636,Q100272630,Q100272630,Onyx_Equinox,,,wikidata_sitelink,auto,sitelink,False
anglophone_animation_020,anglophone_animation,She-Ra and the Princesses of Power,tt7745956,Q48731484,Q48731484,She-Ra_and_the_Princesses_of_Power,우주의_전사_쉬라,シーラとプリンセス戦士,wikidata_sitelink,auto,sitelink,False
anglophone_animation_021,anglophone_animation,The Dragon Prince,tt8688814,Q56063967,Q56063967,The_Dragon_Prince,,ドラゴン王子,wikidata_sitelink,auto,sitelink,False
anglophone_animation_022,anglophone_animation,SAINT SEIYA: Knights of the Zodiac,tt6908976,Q65052700,Q65052700,Knights_of_the_Zodiac:_Saint_Seiya,세인트_세이야:_나이츠_오브_더_조디악,聖闘士星矢:_Knights_of_the_Zodiac,wikidata_sitelink,auto,sitelink,False
anglophone_animation_023,anglophone_animation,Infinity Train,tt8146754,Q28456334,Q28456334,Infinity_Train,,,wikidata_sitelink,auto,sitelink,False
anglophone_animation_024,anglophone_animation,Wizards: Tales of Arcadia,tt7736558,Q96463536,Q96463536,Wizards:_Tales_of_Arcadia,,,wikidata_sitelink,auto,sitelink,False
anglophone_animation_025,anglophone_animation,Amphibia,tt8050740,Q55603855,Q55603855,Amphibia_(TV_series),신비한_개구리_나라_앰피비아,ふしぎの国_アンフィビア,wikidata_sitelink,auto,sitelink,False
anglophone_animation_026,anglophone_animation,Primal,tt10332508,Q70106936,Q70106936,Primal_(TV_series),,,wikidata_sitelink,auto,sitelink,False
anglophone_animation_027,anglophone_animation,The Owl House,tt8050756,Q55635444,Q55635444,The_Owl_House,아울_하우스,アウルハウス,wikidata_sitelink,auto,sitelink,False
anglophone_animation_028,anglophone_animation,Solar Opposites,tt8910922,Q56290639,Q56290639,Solar_Opposites,,,wikidata_sitelink,auto,sitelink,False
anglophone_animation_029,anglophone_animation,Animaniacs,tt6951546,Q97327699,Q97327699,Animaniacs_(2020_TV_series),,アニマニアックス_(リブート),wikidata_sitelink,auto,sitelink,False
anglophone_animation_030,anglophone_animation,Baymax!,tt13622958,Q109607643,Q109607643,Baymax!,베이맥스!,,wikidata_sitelink,auto,sitelink,False
anglophone_animation_031,anglophone_animation,Cars on the Road,tt11981568,Q109975371,Q109975371,Cars_on_the_Road,카_여행을_떠나요,カーズ・オン・ザ・ロード,wikidata_sitelink,auto,sitelink,False
anglophone_animation_032,anglophone_animation,Captain Laserhawk: A Blood Dragon Remix,tt14837566,Q120108438,Q120108438,Captain_Laserhawk:_A_Blood_Dragon_Remix,,,wikidata_sitelink,auto,sitelink,False
anglophone_animation_033,anglophone_animation,Transformers: War for Cybertron: Kingdom,tt9789660,Q65091279,Q65091279,Transformers:_War_for_Cybertron_Trilogy,,トランスフォーマー:ウォー・フォー・サイバトロン・トリロジー,wikidata_sitelink,auto,sitelink,False
anglophone_animation_034,anglophone_animation,Ice Age: Scrat Tales,tt18302114,Q111532450,Q111532450,Ice_Age:_Scrat_Tales,,,wikidata_sitelink,auto,sitelink,False
anglophone_animation_035,anglophone_animation,Carol & the End of the World,tt29629770,Q123400770,Q123400770,Carol_&_the_End_of_the_World,,,wikidata_sitelink,auto,sitelink,False
anglophone_animation_036,anglophone_animation,Human Resources,tt11092142,Q111106550,Q111106550,Human_Resources_(TV_series),,,wikidata_sitelink,auto,sitelink,False
anglophone_animation_037,anglophone_animation,Masters of the Universe: Revelation,tt10826054,Q66763559,Q66763559,Masters_of_the_Universe:_Revelation,,,wikidata_sitelink,auto,sitelink,False
anglophone_animation_038,anglophone_animation,The Cuphead Show!,tt10611608,Q96098899,Q96098899,The_Cuphead_Show!,컵헤드_쇼!,ザ・カップヘッド・ショウ!,wikidata_sitelink,auto,sitelink,False
anglophone_animation_039,anglophone_animation,Dragons: The Nine Realms,tt15758116,Q110516852,Q110516852,DreamWorks_Dragons:_The_Nine_Realms,,,wikidata_sitelink,auto,sitelink,False
anglophone_animation_040,anglophone_animation,The Boys Presents: Diabolical,tt16350094,Q110663442,Q110663442,The_Boys_Presents:_Diabolical,,,wikidata_sitelink,auto,sitelink,False
anglophone_animation_041,anglophone_animation,INVINCIBLE,tt6741278,Q55614601,Q55614601,Invincible_(TV_series),인빈시블_(애니메이션),,wikidata_sitelink,auto,sitelink,False
anglophone_animation_042,anglophone_animation,Sonic Prime,tt13961348,Q105221079,Q105221079,Sonic_Prime,소닉_프라임,ソニックプライム,wikidata_sitelink,auto,sitelink,False
anglophone_animation_043,anglophone_animation,Rugrats,tt8741368,Q97357676,Q97357676,Rugrats_(2021_TV_series),,,wikidata_sitelink,auto,sitelink,False
anglophone_animation_044,anglophone_animation,My Adventures with Superman,tt14681924,Q119774569,Q119774569,My_Adventures_with_Superman,슈퍼맨과_나의_모험,アドベンチャー・ウィズ・スーパーマン,wikidata_sitelink,auto,sitelink,False
anglophone_animation_045,anglophone_animation,Adventure Time: Fionna and Cake,tt15248880,Q108365889,Q108365889,Adventure_Time:_Fionna_and_Cake,어드벤처_타임:_피오나_앤_케이크,,wikidata_sitelink,auto,sitelink,False
anglophone_animation_046,anglophone_animation,Win or Lose,tt13624052,Q115615897,Q115615897,Win_or_Lose_(miniseries),모두의_리그:_이기거나_지거나,ウィン_OR_ルーズ,wikidata_sitelink,auto,sitelink,False
anglophone_animation_047,anglophone_animation,Exploding Kittens,tt19734104,Q126488864,Q126488864,Exploding_Kittens_(TV_series),,,wikidata_sitelink,auto,sitelink,False
anglophone_animation_048,anglophone_animation,Among Us,tt28230655,Q124896137,Q124896137,Among_Us_(TV_series),,,wikidata_sitelink,auto,sitelink,False
anglophone_animation_049,anglophone_animation,WondLa,tt14076044,Q125866728,Q125866728,WondLa_(TV_series),,,wikidata_sitelink,auto,sitelink,False
anglophone_animation_050,anglophone_animation,Star Wars: Tales of the Empire,tt32019314,Q125338461,Q125338461,Star_Wars:_Tales_of_the_Empire,,,wikidata_sitelink,auto,sitelink,False
anglophone_animation_051,anglophone_animation,The Mighty Nein,tt26453092,Q116446957,Q116446957,The_Mighty_Nein,,,wikidata_sitelink,auto,sitelink,False
anglophone_animation_052,anglophone_animation,Dream Productions,tt33088401,Q130365301,Q130365301,Dream_Productions,드림_프로덕션,『インサイド・ヘッド』の世界より:ライリーの夢の製作スタジオ,wikidata_sitelink,auto,sitelink,False
anglophone_animation_053,anglophone_animation,Regular Show: The Lost Tapes,tt32604054,Q138821480,Q138821480,Regular_Show:_The_Lost_Tapes,정상인_듯_정상_아닌_비정상쇼:_다시_만난_세계,,wikidata_sitelink,auto,sitelink,False
anglophone_animation_054,anglophone_animation,Star Wars: Maul - Shadow Lord,tt36594331,Q134533491,Q134533491,Star_Wars:_Maul_–_Shadow_Lord,,,wikidata_sitelink,auto,sitelink,False
anglophone_animation_055,anglophone_animation,The Wonderfully Weird World of Gumball,tt36985473,Q131353868,Q131353868,The_Wonderfully_Weird_World_of_Gumball,,,wikidata_sitelink,auto,sitelink,False
anglophone_animation_056,anglophone_animation,Batman: Caped Crusader,tt14681596,Q125988942,Q125988942,Batman:_Caped_Crusader,배트맨:_케이프드_크루세이더,バットマン:マントの戦士,wikidata_sitelink,auto,sitelink,False
anglophone_animation_057,anglophone_animation,Ninja Kamui,tt28480255,Q112225652,Q112225652,Ninja_Kamui,,NINJA_KAMUI,wikidata_sitelink,auto,sitelink,False
anglophone_animation_058,anglophone_animation,Sausage Party: Foodtopia,tt23036426,Q124995069,Q124995069,Sausage_Party:_Foodtopia,소시지_파티:_푸드토피아,ソーセージ・パーティー_〜理想郷_フードトピア〜,wikidata_sitelink,auto,sitelink,False
anglophone_animation_059,anglophone_animation,Creature Commandos,tt26545355,Q116896366,Q116896366,Creature_Commandos_(TV_series),크리처_코만도스,クリーチャー・コマンドーズ,wikidata_sitelink,auto,sitelink,False
anglophone_animation_060,anglophone_animation,Common Side Effects,tt28093628,Q130971959,Q130971959,Common_Side_Effects,,,wikidata_sitelink,auto,sitelink,False
